YEAR,PLAYER,TEAM,SALARY,AGE,GP,W,L,MIN,PTS,FGM,FGA,FG%,3PM,3PA,3P%,FTM,FTA,FT%,OREB,DREB,REB,AST,TOV,STL,BLK,PF,FP,DD2,TD3,+/-,RK
2015,Stephen Curry,Golden State Warriors,11370786.0,28,79,71,8,34.2,30.1,10.2,20.2,50.4,5.1,11.2,45.4,4.6,5.1,90.8,0.9,4.6,5.4,6.7,3.3,2.1,0.2,2.0,50.3,15,2,12.9,61.0
2015,Shaun Livingston,Golden State Warriors,5543725.0,30,78,69,9,19.5,6.3,2.6,4.9,53.6,0.0,0.2,16.7,1.0,1.2,86.0,0.5,1.6,2.2,3.0,1.0,0.7,0.3,1.8,15.6,0,0,2.7,132.0
2015,Marreese Speights,Golden State Warriors,3815000.0,28,72,64,8,11.6,7.1,2.7,6.3,43.2,0.3,0.9,38.7,1.3,1.6,82.5,1.1,2.3,3.3,0.8,0.9,0.3,0.5,1.6,13.7,1,0,0.2,183.0
2015,Leandro Barbosa,Golden State Warriors,2500000.0,33,68,60,8,15.9,6.4,2.5,5.4,46.2,0.6,1.6,35.5,0.8,0.9,83.9,0.4,1.3,1.7,1.2,0.8,0.6,0.1,1.6,11.8,0,0,0.6,243.0
2015,Klay Thompson,Golden State Warriors,15501000.0,26,80,71,9,33.3,22.1,8.1,17.3,47.0,3.5,8.1,42.5,2.4,2.8,87.3,0.4,3.4,3.8,2.1,1.7,0.8,0.6,1.9,32.2,0,0,10.5,31.0
2015,Kevon Looney,Golden State Warriors,1131960.0,20,5,4,1,4.1,1.8,0.8,1.4,57.1,0.2,0.4,50.0,0.0,0.0,0.0,0.8,1.2,2.0,0.0,0.2,0.0,0.0,0.4,4.0,0,0,-4.4,345.0
2015,Jason Thompson,Toronto Raptors,245177.0,29,28,24,4,6.4,2.1,0.7,1.5,47.6,0.0,0.0,0.0,0.7,1.1,62.5,0.4,1.6,1.9,0.7,0.3,0.1,0.3,1.4,6.5,0,0,-2.1,499.0
2015,James Michael McAdoo,Golden State Warriors,845059.0,23,41,37,4,6.4,2.9,1.1,2.0,53.6,0.0,0.0,50.0,0.6,1.2,53.1,0.7,0.7,1.4,0.4,0.4,0.2,0.2,1.0,6.1,0,0,-2.1,431.0
2015,Ian Clark,Golden State Warriors,947276.0,25,66,59,7,8.8,3.6,1.3,3.1,44.1,0.5,1.3,35.7,0.4,0.5,82.4,0.2,0.8,1.0,1.0,0.7,0.3,0.2,0.9,7.0,0,0,-1.2,414.0
2015,Harrison Barnes,Golden State Warriors,3873398.0,24,66,59,7,30.9,11.7,4.5,9.6,46.6,1.2,3.2,38.3,1.5,2.0,76.1,1.2,3.8,4.9,1.8,0.9,0.6,0.2,2.1,21.8,1,0,6.8,182.0
2015,Festus Ezeli,Golden State Warriors,2008748.0,26,46,42,4,16.7,7.0,2.7,5.0,54.8,0.0,0.0,0.0,1.5,2.9,53.0,2.0,3.6,5.6,0.7,0.8,0.4,1.1,2.0,18.3,6,0,4.8,276.0
2015,Draymond Green,Golden State Warriors,14260870.0,26,81,73,8,34.7,14.0,5.0,10.1,49.0,1.2,3.2,38.8,2.8,4.1,69.6,1.7,7.8,9.5,7.4,3.2,1.5,1.4,3.0,41.8,33,13,13.2,36.0
2015,Brandon Rush,Golden State Warriors,1270964.0,30,72,63,9,14.6,4.2,1.5,3.6,42.7,0.9,2.2,41.4,0.3,0.4,64.3,0.3,2.2,2.5,0.8,0.5,0.3,0.3,0.8,9.8,0,0,-0.4,321.0
2015,Andrew Bogut,Golden State Warriors,13800000.0,31,70,62,8,20.7,5.4,2.5,4.0,62.7,0.0,0.0,100.0,0.3,0.7,48.0,1.7,5.3,7.0,2.3,1.2,0.5,1.6,3.2,22.4,5,0,5.7,40.0
2015,Andre Iguodala,Golden State Warriors,11710456.0,32,65,59,6,26.6,7.0,2.7,5.7,47.8,0.8,2.4,35.1,0.8,1.3,61.4,0.8,3.2,4.0,3.4,1.2,1.1,0.3,1.6,20.0,1,0,7.0,60.0
2015,Anderson Varejao,Golden State Warriors,289755.0,33,22,19,3,8.4,2.6,1.0,2.2,43.8,0.0,0.0,0.0,0.7,1.3,55.2,0.6,1.7,2.3,0.7,0.3,0.2,0.2,1.6,7.5,0,0,-1.3,494.0
2016,Anderson Varejao,Golden State Warriors,980431.0,34,14,12,2,6.6,1.3,0.4,1.0,35.7,0.0,0.0,0.0,0.6,0.8,72.7,0.9,1.1,1.9,0.7,0.6,0.2,0.2,1.1,5.4,0,0,-2.1,422.0
2016,Andre Iguodala,Golden State Warriors,11131368.0,33,76,64,12,26.3,7.6,2.9,5.5,52.8,0.8,2.3,36.2,0.9,1.3,70.6,0.7,3.3,4.0,3.4,0.8,1.0,0.5,1.3,21.3,0,0,6.9,95.0
2016,Briante Weber,Charlotte Hornets,128623.0,24,7,6,1,6.6,1.7,0.7,2.0,35.7,0.0,0.4,0.0,0.3,0.4,66.7,0.0,0.6,0.6,0.7,0.4,0.4,0.1,0.6,4.8,0,0,-2.3,569.0
2016,Damian Jones,Golden State Warriors,1171560.0,22,10,7,3,8.5,1.9,0.8,1.6,50.0,0.0,0.0,0.0,0.3,1.0,30.0,0.9,1.4,2.3,0.0,0.6,0.1,0.4,1.5,5.6,0,0,-2.8,363.0
2016,David West,Golden State Warriors,980431.0,36,68,56,12,12.6,4.6,2.0,3.7,53.6,0.0,0.1,37.5,0.6,0.8,76.8,0.7,2.3,3.0,2.2,1.1,0.6,0.7,1.5,14.4,0,0,1.8,424.0
2016,Draymond Green,Golden State Warriors,15330435.0,27,76,62,14,32.5,10.2,3.6,8.6,41.8,1.1,3.5,30.8,2.0,2.8,70.9,1.3,6.6,7.9,7.0,2.4,2.0,1.4,2.9,38.0,17,5,10.8,54.0
2016,Ian Clark,Golden State Warriors,980431.0,26,77,63,14,14.8,6.8,2.7,5.6,48.7,0.8,2.1,37.4,0.6,0.8,75.9,0.3,1.3,1.6,1.2,0.7,0.5,0.1,1.0,11.6,0,0,0.5,435.0
2016,JaVale McGee,Golden State Warriors,1403611.0,29,77,62,15,9.6,6.1,2.7,4.1,65.2,0.0,0.0,0.0,0.7,1.4,50.5,1.3,1.9,3.2,0.2,0.5,0.2,0.9,1.4,13.1,0,0,4.1,336.0
2016,James Michael McAdoo,Golden State Warriors,980431.0,24,52,43,9,8.8,2.8,1.2,2.3,53.0,0.0,0.2,25.0,0.4,0.8,50.0,0.7,1.1,1.8,0.3,0.4,0.3,0.6,0.9,7.8,0,0,-0.8,397.0
2016,Kevin Durant,Golden State Warriors,26540100.0,28,62,51,11,33.4,25.1,8.9,16.5,53.7,1.9,5.0,37.5,5.4,6.2,87.5,0.6,7.6,8.3,4.8,2.2,1.1,1.6,1.9,48.0,23,1,11.5,5.0
2016,Kevon Looney,Golden State Warriors,1182840.0,21,53,44,9,8.4,2.5,1.1,2.0,52.3,0.0,0.2,22.2,0.4,0.6,61.8,0.8,1.5,2.3,0.5,0.3,0.3,0.3,1.2,7.7,0,0,-0.3,361.0
2016,Klay Thompson,Golden State Warriors,16663575.0,27,78,66,12,34.0,22.3,8.3,17.6,46.8,3.4,8.3,41.4,2.4,2.8,85.3,0.6,3.0,3.7,2.1,1.6,0.8,0.5,1.8,32.2,0,0,10.3,46.0
2016,Matt Barnes,Sacramento Kings,242224.0,37,20,16,4,20.5,5.7,1.9,4.5,42.2,0.9,2.6,34.6,1.0,1.2,87.0,0.8,3.8,4.6,2.3,1.2,0.6,0.5,2.4,16.5,0,0,1.7,560.0
2016,Patrick McCaw,Golden State Warriors,543471.0,21,71,57,14,15.1,4.0,1.5,3.5,43.3,0.6,1.7,33.3,0.4,0.5,78.4,0.3,1.1,1.4,1.1,0.5,0.5,0.2,0.9,8.8,0,0,-0.6,491.0
2016,Shaun Livingston,Golden State Warriors,5782450.0,31,76,63,13,17.7,5.1,2.3,4.2,54.7,0.0,0.0,33.3,0.6,0.8,70.0,0.4,1.6,2.0,1.8,0.8,0.5,0.3,1.6,11.7,0,0,2.0,172.0
2016,Stephen Curry,Golden State Warriors,12112359.0,29,79,65,14,33.4,25.3,8.5,18.3,46.8,4.1,10.0,41.1,4.1,4.6,89.8,0.8,3.7,4.5,6.6,3.0,1.8,0.2,2.3,43.6,9,0,12.8,82.0
2016,Zaza Pachulia,Golden State Warriors,2898000.0,33,70,58,12,18.1,6.1,2.3,4.4,53.4,0.0,0.0,0.0,1.4,1.8,77.8,2.0,3.9,5.9,1.9,1.2,0.8,0.5,2.4,18.6,4,0,6.0,264.0
2017,Zaza Pachulia,Golden State Warriors,3477600.0,34,69,47,22,14.1,5.4,2.2,3.8,56.4,0.0,0.0,0.0,1.1,1.3,80.6,1.3,3.4,4.7,1.6,1.0,0.6,0.2,1.8,14.7,2,0,2.8,235.0
2017,Stephen Curry,Golden State Warriors,37457154.0,30,51,41,10,32.0,26.4,8.4,16.9,49.5,4.2,9.8,42.3,5.5,5.9,92.1,0.7,4.4,5.1,6.1,3.0,1.6,0.2,2.2,43.8,5,0,9.5,1.0
2017,Shaun Livingston,Golden State Warriors,7692308.0,32,71,49,22,15.9,5.5,2.4,4.8,50.1,0.0,0.1,0.0,0.7,0.9,82.0,0.5,1.4,1.8,2.0,0.8,0.5,0.3,1.6,12.3,0,0,1.6,145.0
2017,Quinn Cook,Golden State Warriors,1544951.0,25,33,21,12,22.4,9.5,3.7,7.6,48.4,1.4,3.2,44.2,0.7,0.8,88.0,0.3,2.2,2.5,2.7,1.0,0.4,0.0,1.8,16.7,0,0,-1.2,332.0
2017,Patrick McCaw,Golden State Warriors,1312611.0,22,57,41,16,16.9,4.0,1.6,3.9,40.9,0.3,1.4,23.8,0.5,0.6,76.5,0.3,1.2,1.4,1.4,0.7,0.8,0.2,1.2,9.9,0,0,-1.5,404.0
2017,Omri Casspi,Golden State Warriors,1471382.0,30,53,40,13,14.0,5.7,2.3,3.9,58.0,0.2,0.4,45.5,0.9,1.3,72.5,0.6,3.2,3.8,1.0,0.7,0.3,0.4,1.3,13.0,3,0,1.0,344.0
2017,Nick Young,Golden State Warriors,5192000.0,33,80,56,24,17.4,7.3,2.5,6.1,41.2,1.5,4.1,37.7,0.7,0.8,86.2,0.3,1.3,1.6,0.5,0.5,0.5,0.1,1.3,11.0,0,0,0.5,194.0
2017,Klay Thompson,Golden State Warriors,17826150.0,28,73,55,18,34.3,20.0,7.9,16.1,48.9,3.1,7.1,44.0,1.1,1.3,83.7,0.4,3.4,3.8,2.5,1.8,0.8,0.5,1.6,30.3,2,0,5.4,53.0
2017,Kevon Looney,Golden State Warriors,1471382.0,22,66,45,21,13.8,4.0,1.7,2.9,58.0,0.0,0.1,20.0,0.6,1.2,54.5,1.3,2.0,3.3,0.6,0.5,0.5,0.8,1.6,12.5,0,0,1.8,362.0
2017,Jordan Bell,Golden State Warriors,1378242.0,23,57,43,14,14.2,4.6,2.0,3.2,62.7,0.0,0.1,0.0,0.5,0.8,68.2,1.1,2.6,3.6,1.8,0.9,0.6,1.0,1.6,15.5,1,0,2.8,392.0
2017,JaVale McGee,Golden State Warriors,1471382.0,30,65,45,20,9.5,4.8,2.1,3.4,62.1,0.0,0.1,0.0,0.6,0.8,73.1,0.9,1.7,2.6,0.5,0.4,0.3,0.9,1.4,11.8,0,0,0.6,356.0
2017,Draymond Green,Golden State Warriors,17469565.0,28,70,48,22,32.7,11.0,4.0,8.8,45.4,1.1,3.7,30.1,1.9,2.5,77.5,1.1,6.6,7.6,7.3,2.9,1.4,1.3,2.6,36.2,23,3,4.4,55.0
2017,David West,Golden State Warriors,1471382.0,37,73,52,21,13.7,6.8,3.0,5.2,57.1,0.0,0.1,37.5,0.8,1.1,75.9,0.9,2.4,3.3,1.9,1.1,0.6,1.0,1.6,17.4,0,0,0.5,361.0
2017,Damian Jones,Golden State Warriors,1312611.0,23,15,7,8,5.9,1.7,0.7,1.5,50.0,0.0,0.0,0.0,0.2,0.3,60.0,0.3,0.6,0.9,0.1,0.3,0.1,0.2,0.9,3.5,0,0,0.0,436.0
2017,Andre Iguodala,Golden State Warriors,14814815.0,34,64,46,18,25.4,6.0,2.3,5.0,46.3,0.5,1.8,28.2,0.9,1.4,63.2,0.8,3.1,3.8,3.3,1.0,0.8,0.6,1.5,18.8,0,0,4.3,72.0
2018,Stephen Curry,Golden State Warriors,37457154.0,31,69,52,17,33.8,27.3,9.2,19.4,47.2,5.1,11.7,43.7,3.8,4.2,91.6,0.7,4.7,5.3,5.2,2.8,1.3,0.4,2.4,43.8,3,0,10.0,1.0
2018,Shaun Livingston,Golden State Warriors,8307692.0,33,64,45,19,15.1,4.0,1.7,3.3,51.9,0.0,0.0,0.0,0.6,0.8,78.4,0.7,1.2,1.8,1.8,0.6,0.5,0.4,1.2,11.0,0,0,0.7,144.0
2018,Quinn Cook,Golden State Warriors,1544951.0,26,74,49,25,14.3,6.9,2.8,5.9,46.5,1.1,2.7,40.5,0.3,0.4,76.9,0.3,1.8,2.1,1.6,0.7,0.3,0.0,1.2,12.0,0,0,-1.8,351.0
2018,Klay Thompson,Golden State Warriors,18988725.0,29,78,55,23,34.0,21.5,8.4,18.0,46.7,3.1,7.7,40.2,1.7,2.0,81.6,0.5,3.4,3.8,2.4,1.5,1.1,0.6,2.0,33.3,0,0,4.5,51.0
2018,Kevon Looney,Golden State Warriors,1512601.0,23,80,56,24,18.5,6.3,2.7,4.3,62.5,0.0,0.1,10.0,0.8,1.3,61.9,2.4,2.8,5.2,1.5,0.6,0.6,0.7,2.6,17.9,1,0,3.8,384.0
2018,Kevin Durant,Golden State Warriors,30000000.0,30,78,54,24,34.6,26.0,9.2,17.7,52.1,1.8,5.0,35.3,5.7,6.5,88.5,0.4,5.9,6.4,5.9,2.9,0.7,1.1,2.0,45.0,16,2,8.4,11.0
2018,Jordan Bell,Golden State Warriors,1378242.0,24,68,46,22,11.6,3.3,1.5,2.8,51.6,0.0,0.0,0.0,0.4,0.6,61.0,0.8,1.9,2.7,1.1,0.6,0.3,0.8,1.2,10.7,0,0,-1.5,408.0
2018,Jonas Jerebko,Golden State Warriors,1512601.0,32,73,52,21,16.7,6.3,2.2,4.9,45.9,0.9,2.6,36.7,0.9,1.1,80.0,1.0,3.0,3.9,1.3,0.6,0.4,0.2,1.9,14.3,1,0,0.8,383.0
2018,Jacob Evans,Golden State Warriors,1644240.0,22,30,21,9,6.8,1.3,0.6,1.8,34.0,0.1,0.5,26.7,0.0,0.0,0.0,0.2,0.6,0.8,0.8,0.4,0.2,0.1,0.9,3.9,0,0,-1.2,329.0
2018,Draymond Green,Golden State Warriors,17469565.0,29,66,48,18,31.3,7.4,2.8,6.4,44.5,0.7,2.5,28.5,1.0,1.4,69.2,0.9,6.4,7.3,6.9,2.6,1.4,1.1,3.0,31.4,8,0,7.0,56.0
2018,DeMarcus Cousins,Golden State Warriors,5337000.0,28,30,23,7,25.7,16.3,5.9,12.4,48.0,0.9,3.2,27.4,3.5,4.8,73.6,1.4,6.8,8.2,3.6,2.4,1.3,1.5,3.6,37.5,10,0,2.2,190.0
2018,Damian Jones,Golden State Warriors,1544951.0,24,24,15,9,17.1,5.4,2.2,3.1,71.6,0.0,0.0,0.0,1.0,1.5,64.9,1.3,1.8,3.1,1.2,0.7,0.5,1.0,2.6,14.9,0,0,0.7,361.0
2018,Andrew Bogut,Golden State Warriors,307648.0,34,11,8,3,12.2,3.5,1.6,3.3,50.0,0.0,0.0,0.0,0.3,0.3,100.0,1.1,3.9,5.0,1.0,0.7,0.3,0.7,2.0,13.3,0,0,0.9,474.0
2018,Andre Iguodala,Golden State Warriors,16000000.0,35,68,47,21,23.2,5.7,2.2,4.4,50.0,0.7,2.1,33.3,0.6,1.0,58.2,0.7,3.0,3.7,3.2,0.8,0.9,0.8,1.4,19.1,0,0,4.6,64.0
2018,Alfonzo McKinnie,Golden State Warriors,1349383.0,26,72,53,19,13.9,4.7,1.9,3.8,48.7,0.6,1.6,35.6,0.4,0.7,56.3,1.1,2.3,3.4,0.4,0.4,0.3,0.2,1.9,10.4,1,0,0.2,425.0
2019,Alec Burks,Golden State Warriors,1620564.0,28,38,8,30,29.1,15.8,5.1,12.4,41.1,1.6,4.3,36.4,4.1,4.6,89.6,0.8,3.8,4.6,3.1,1.6,1.1,0.3,2.3,28.8,1,0,-5.0,397.0
2019,Alen Smailagic,Golden State Warriors,898310.0,19,8,1,7,10.0,4.6,1.8,3.3,53.8,0.3,1.0,25.0,0.9,1.1,77.8,0.8,1.9,2.6,0.6,0.5,0.1,0.4,1.0,9.7,0,0,0.5,507.0
2019,D'Angelo Russell,Golden State Warriors,27285000.0,23,23,6,17,31.5,23.7,8.3,19.0,43.7,3.4,9.3,37.1,3.7,4.7,77.1,0.3,3.2,3.5,6.0,3.0,0.8,0.3,2.1,37.4,0,0,-6.0,32.0
2019,Draymond Green,Golden State Warriors,18539130.0,29,30,8,22,29.0,8.6,3.1,7.9,38.7,0.8,3.1,27.2,1.7,2.2,74.6,0.6,5.8,6.4,5.6,2.4,1.5,0.8,2.6,29.2,6,2,-5.5,61.0
2019,Eric Paschall,Golden State Warriors,898310.0,23,36,8,28,27.0,13.6,5.2,10.6,48.7,0.6,2.1,27.6,2.6,3.4,77.9,1.4,3.1,4.5,1.8,1.5,0.5,0.3,1.9,22.5,2,0,-5.8,506.0
2019,Glenn Robinson III,Golden State Warriors,1620564.0,26,40,8,32,31.8,12.2,4.8,10.6,45.7,1.3,3.3,38.6,1.2,1.5,84.5,1.4,3.3,4.8,1.6,1.0,1.0,0.2,1.9,22.8,1,0,-6.5,395.0
2019,Jacob Evans,Golden State Warriors,1925880.0,22,20,5,15,15.2,4.7,1.6,5.2,31.1,0.5,1.4,37.0,1.0,1.2,82.6,0.4,1.3,1.6,1.1,1.2,0.3,0.4,1.5,8.9,0,0,-3.5,343.0
2019,Jordan Poole,Golden State Warriors,1964760.0,20,34,7,27,21.3,6.9,2.1,8.2,26.3,1.1,4.5,24.8,1.5,1.9,82.5,0.1,1.8,1.9,1.8,1.0,0.6,0.2,1.6,13.4,0,0,-3.6,338.0
2019,Kevon Looney,Golden State Warriors,4464226.0,23,10,3,7,10.5,2.6,1.1,3.2,34.4,0.1,0.2,50.0,0.3,0.5,60.0,1.5,1.4,2.9,0.4,0.6,0.3,0.2,1.7,7.6,0,0,-6.0,229.0
2019,Marquese Chriss,Golden State Warriors,1620564.0,22,37,9,28,17.7,7.4,2.6,5.4,48.5,0.1,0.6,22.7,2.0,2.6,76.0,1.9,3.6,5.4,1.9,1.4,0.6,0.9,1.9,19.8,3,0,-3.4,396.0
2019,Omari Spellman,Golden State Warriors,1897800.0,22,38,8,30,17.5,7.8,2.7,6.0,45.4,0.9,2.1,43.0,1.5,1.9,78.9,1.8,3.1,4.9,1.0,1.2,0.7,0.6,1.2,17.8,1,0,-1.8,345.0
2019,Stephen Curry,Golden State Warriors,40231758.0,31,4,1,3,28.0,20.3,6.8,16.5,40.9,2.3,9.3,24.3,4.5,4.5,100.0,1.0,4.0,5.0,6.5,3.8,1.3,0.5,2.5,37.5,1,0,-8.0,1.0
2019,Willie Cauley-Stein,Golden State Warriors,2177483.0,26,36,8,28,22.7,7.8,3.5,6.3,55.5,0.0,0.0,0.0,0.8,1.4,59.2,1.6,4.7,6.3,1.4,0.9,1.1,1.3,2.6,23.6,2,0,-3.4,323.0
2015,Anthony Brown,Los Angeles Lakers,700000.0,23,29,4,25,20.6,4.0,1.3,4.3,31.0,0.7,2.4,28.6,0.6,0.7,85.0,0.3,2.1,2.4,0.7,0.5,0.5,0.2,1.2,9.3,0,0,-1.2,454.0
2015,Brandon Bass,Los Angeles Lakers,3000000.0,31,66,16,50,20.3,7.2,2.6,4.8,54.9,0.0,0.0,0.0,1.9,2.2,84.5,1.6,2.7,4.3,1.1,0.6,0.5,0.8,1.9,17.4,0,0,-0.3,216.0
2015,D'Angelo Russell,Los Angeles Lakers,5103120.0,20,80,17,63,28.2,13.2,4.9,12.0,41.0,1.6,4.6,35.1,1.8,2.4,73.7,0.6,2.8,3.4,3.3,2.5,1.2,0.2,1.8,23.8,1,0,-6.8,145.0
2015,Jordan Clarkson,Los Angeles Lakers,845059.0,24,79,17,62,32.3,15.5,6.0,13.9,43.3,1.4,4.1,34.7,2.1,2.6,80.4,1.2,2.8,4.0,2.4,1.7,1.1,0.1,2.1,25.8,1,0,-7.9,424.0
2015,Julius Randle,Los Angeles Lakers,3132240.0,21,81,17,64,28.2,11.3,4.4,10.3,42.9,0.1,0.4,27.8,2.4,3.3,71.5,2.1,8.1,10.2,1.8,1.8,0.7,0.4,3.0,27.5,34,1,-8.4,207.0
2015,Kobe Bryant,Los Angeles Lakers,25000000.0,37,66,13,53,28.2,17.6,6.0,16.9,35.8,2.0,7.1,28.5,3.5,4.3,82.6,0.6,3.1,3.7,2.8,2.0,0.9,0.2,1.7,27.7,2,0,-8.6,1.0
2015,Larry Nance Jr.,Los Angeles Lakers,1155600.0,23,63,14,49,20.1,5.5,2.5,4.8,52.7,0.0,0.2,10.0,0.5,0.7,68.1,1.6,3.3,5.0,0.7,0.7,0.9,0.4,2.0,15.5,3,0,-1.5,337.0
2015,Lou Williams,Los Angeles Lakers,7000000.0,29,67,14,53,28.5,15.3,4.2,10.3,40.8,1.6,4.8,34.4,5.3,6.3,83.0,0.5,2.1,2.5,2.5,1.6,0.9,0.3,1.6,24.1,0,0,-6.0,108.0
2015,Metta World Peace,Los Angeles Lakers,947276.0,36,35,6,29,16.9,5.0,1.6,5.1,31.1,0.7,2.4,31.0,1.1,1.6,70.2,0.5,2.0,2.5,0.8,0.4,0.6,0.3,1.9,11.6,0,0,-1.9,393.0
2015,Nick Young,Los Angeles Lakers,5219169.0,31,54,13,41,19.1,7.3,2.3,6.9,33.9,1.4,4.4,32.5,1.2,1.4,82.9,0.3,1.5,1.8,0.6,0.6,0.4,0.1,0.9,11.5,0,0,-3.7,139.0
2015,Robert Sacre,Los Angeles Lakers,981348.0,27,25,2,23,12.8,3.5,1.2,3.0,41.3,0.0,0.0,0.0,1.0,1.5,65.8,1.3,1.6,2.9,0.6,0.5,0.2,0.4,1.7,9.0,0,0,-1.3,372.0
2015,Roy Hibbert,Los Angeles Lakers,15592217.0,29,81,17,64,23.2,5.9,2.2,5.1,44.3,0.0,0.0,0.0,1.4,1.8,80.7,1.6,3.3,4.9,1.2,0.9,0.4,1.4,3.1,17.9,3,0,-8.4,29.0
2015,Ryan Kelly,Los Angeles Lakers,1724250.0,25,36,3,33,13.1,4.2,1.5,4.1,36.9,0.1,1.0,13.5,1.0,1.5,68.5,0.6,2.8,3.4,0.6,0.5,0.4,0.3,1.1,10.5,0,0,0.0,288.0
2015,Tarik Black,Los Angeles Lakers,845059.0,24,39,6,33,12.7,3.4,1.5,2.7,54.8,0.0,0.0,0.0,0.5,1.2,42.2,1.1,2.9,4.0,0.4,0.6,0.4,0.5,2.0,10.8,0,0,0.5,443.0
2016,Brandon Ingram,Los Angeles Lakers,5281680.0,19,79,26,53,28.9,9.4,3.5,8.7,40.2,0.7,2.4,29.4,1.7,2.7,62.1,0.8,3.2,4.0,2.1,1.5,0.6,0.5,2.0,19.1,0,0,-4.8,185.0
2016,Corey Brewer,Los Angeles Lakers,7612172.0,31,24,7,17,14.9,5.4,2.2,5.0,43.8,0.2,1.0,20.8,0.8,1.0,75.0,0.5,1.7,2.2,1.5,0.8,1.0,0.3,1.2,13.4,0,0,-2.5,137.0
2016,D'Angelo Russell,Los Angeles Lakers,5332800.0,21,63,21,42,28.7,15.6,5.6,13.8,40.5,2.1,6.1,35.2,2.3,3.0,78.2,0.5,3.0,3.5,4.8,2.8,1.4,0.3,2.1,29.2,2,0,-5.7,182.0
2016,David Nwaba,Los Angeles Lakers,73528.0,24,20,5,15,19.9,6.0,2.4,4.1,58.0,0.1,0.3,20.0,1.3,2.0,64.1,0.9,2.3,3.2,0.7,0.6,0.7,0.4,1.8,13.3,0,0,0.5,578.0
2016,Ivica Zubac,Los Angeles Lakers,1034956.0,20,38,8,30,16.0,7.5,3.3,6.3,52.9,0.0,0.1,0.0,0.8,1.3,65.3,1.1,3.1,4.2,0.8,0.8,0.4,0.9,1.7,16.6,4,0,-3.5,372.0
2016,Jordan Clarkson,Los Angeles Lakers,12500000.0,25,82,26,56,29.2,14.7,5.8,13.1,44.5,1.4,4.3,32.9,1.6,2.0,79.8,0.6,2.4,3.0,2.6,2.0,1.1,0.1,1.8,23.7,0,0,-5.1,76.0
2016,Jose Calderon,Los Angeles Lakers,247991.0,35,24,6,18,12.2,3.3,1.3,3.2,41.6,0.5,1.4,35.3,0.2,0.2,100.0,0.3,1.4,1.8,2.1,1.1,0.3,0.0,0.9,8.5,0,0,-5.5,558.0
2016,Julius Randle,Los Angeles Lakers,3267120.0,22,74,24,50,28.8,13.2,5.1,10.4,48.8,0.2,0.9,27.0,2.8,3.8,72.3,2.0,6.6,8.6,3.6,2.3,0.7,0.5,3.4,30.0,18,3,-6.1,244.0
2016,Larry Nance Jr.,Los Angeles Lakers,1207680.0,24,63,21,42,22.9,7.1,3.0,5.7,52.6,0.2,0.6,27.8,0.9,1.3,73.8,1.9,4.0,5.9,1.5,0.9,1.3,0.6,2.4,21.3,7,0,-2.1,354.0
2016,Lou Williams,Los Angeles Lakers,7000000.0,30,58,19,39,24.2,18.6,5.6,12.7,44.4,2.1,5.5,38.5,5.2,5.9,88.4,0.2,2.0,2.3,3.2,2.1,1.1,0.2,1.2,27.9,0,0,0.5,144.0
2016,Luol Deng,Los Angeles Lakers,18000000.0,32,56,18,38,26.5,7.6,2.9,7.6,38.7,0.9,2.9,30.9,0.8,1.1,73.0,1.1,4.1,5.3,1.3,0.8,0.9,0.4,1.1,18.8,5,0,-3.5,33.0
2016,Metta World Peace,Los Angeles Lakers,980431.0,37,25,8,17,6.4,2.3,0.8,2.7,27.9,0.4,1.5,23.7,0.4,0.6,62.5,0.2,0.6,0.8,0.4,0.3,0.4,0.1,0.7,5.1,0,0,-2.4,412.0
2016,Nick Young,Los Angeles Lakers,5443918.0,32,60,19,41,25.9,13.2,4.5,10.6,43.0,2.8,7.0,40.4,1.3,1.5,85.6,0.4,1.9,2.3,1.0,0.6,0.6,0.2,2.3,19.3,0,0,-3.5,180.0
2016,Tarik Black,Los Angeles Lakers,6191000.0,25,67,24,43,16.3,5.7,2.2,4.4,51.0,0.0,0.0,50.0,1.2,1.6,75.2,2.1,3.0,5.1,0.6,0.9,0.4,0.7,2.6,15.1,2,0,-0.7,159.0
2016,Thomas Robinson,Los Angeles Lakers,980431.0,26,48,15,33,11.7,5.0,2.2,4.1,53.6,0.0,0.0,0.0,0.6,1.4,47.0,1.8,2.9,4.6,0.6,1.0,0.5,0.2,1.6,12.8,1,0,-1.7,437.0
2016,Timofey Mozgov,Los Angeles Lakers,16000000.0,30,54,16,38,20.4,7.4,3.1,6.1,51.5,0.0,0.0,0.0,1.2,1.4,80.8,1.9,3.0,4.9,0.8,1.3,0.3,0.6,2.5,15.8,1,0,-3.6,49.0
2016,Tyler Ennis,Los Angeles Lakers,1733880.0,22,22,6,16,17.8,7.7,3.0,6.5,45.1,1.0,2.5,38.9,0.9,1.0,86.4,0.2,1.0,1.2,2.4,1.0,0.9,0.1,1.3,14.6,0,0,2.4,314.0
2017,Julius Randle,Los Angeles Lakers,4149242.0,23,82,35,47,26.7,16.1,6.1,11.0,55.8,0.1,0.5,22.2,3.7,5.2,71.8,2.2,5.8,8.0,2.6,2.6,0.5,0.5,3.3,30.2,28,1,-1.0,219.0
2017,Kyle Kuzma,Los Angeles Lakers,1423560.0,22,77,34,43,31.2,16.1,6.1,13.5,45.0,2.1,5.6,36.6,1.9,2.7,70.7,1.1,5.1,6.3,1.8,1.8,0.6,0.4,2.1,27.8,17,0,-1.6,381.0
2017,Brandon Ingram,Los Angeles Lakers,5519400.0,20,59,27,32,33.5,16.1,6.1,12.9,47.0,0.7,1.8,39.0,3.3,4.8,68.1,1.0,4.4,5.3,3.9,2.5,0.8,0.7,2.8,30.3,6,0,-2.2,187.0
2017,Isaiah Thomas,Los Angeles Lakers,6261395.0,29,17,8,9,26.8,15.6,5.1,13.4,38.3,1.9,5.9,32.7,3.4,3.7,92.1,0.6,1.5,2.1,5.0,3.2,0.4,0.1,1.9,23.7,0,0,0.9,173.0
2017,Jordan Clarkson,Los Angeles Lakers,12500000.0,26,53,22,31,23.7,14.5,5.6,12.6,44.8,1.3,4.0,32.4,2.0,2.5,79.5,0.8,2.2,3.0,3.3,1.8,0.7,0.1,1.2,23.6,1,0,-0.4,95.0
2017,Kentavious Caldwell-Pope,Los Angeles Lakers,17745894.0,25,74,31,43,33.2,13.4,4.6,10.8,42.6,2.1,5.6,38.3,2.1,2.6,78.9,0.8,4.4,5.2,2.2,1.3,1.4,0.2,2.0,26.6,4,0,-0.7,54.0
2017,Brook Lopez,Los Angeles Lakers,22642650.0,30,74,34,40,23.4,13.0,5.0,10.7,46.5,1.5,4.4,34.5,1.5,2.1,70.3,1.0,3.0,4.0,1.7,1.3,0.4,1.3,2.6,24.2,4,0,-1.1,28.0
2017,Andre Ingram,Los Angeles Lakers,13824.0,32,2,1,1,32.1,12.0,4.0,8.5,47.1,2.5,4.5,55.6,1.5,1.5,100.0,0.5,2.5,3.0,3.5,1.5,1.5,1.5,1.5,28.4,0,0,10.0,596.0
2017,Lonzo Ball,Los Angeles Lakers,6286560.0,20,52,24,28,34.2,10.2,3.9,10.8,36.0,1.7,5.7,30.5,0.6,1.4,45.1,1.3,5.6,6.9,7.2,2.6,1.7,0.8,2.3,34.3,13,2,-0.4,172.0
2017,Larry Nance Jr.,Los Angeles Lakers,2272391.0,25,42,17,25,21.9,8.6,3.6,6.0,60.1,0.0,0.1,25.0,1.3,2.1,63.2,2.6,4.2,6.8,1.4,1.0,1.4,0.5,2.7,23.4,6,0,-1.0,289.0
2017,Josh Hart,Los Angeles Lakers,1394520.0,23,63,27,36,23.2,7.9,2.8,6.0,46.9,1.2,3.1,39.6,1.0,1.5,70.2,0.7,3.5,4.2,1.3,0.7,0.7,0.3,1.7,17.0,8,0,-1.1,384.0
2017,Channing Frye,Los Angeles Lakers,7420912.0,35,9,1,8,16.7,5.8,2.2,4.8,46.5,1.0,2.8,36.0,0.3,0.4,75.0,0.2,2.6,2.8,1.1,0.4,0.1,0.1,1.7,11.0,0,0,3.4,154.0
2017,Travis Wear,Los Angeles Lakers,148318.0,27,17,7,10,13.4,4.4,1.5,4.2,34.7,1.0,2.8,36.2,0.5,0.5,100.0,0.0,2.2,2.2,0.4,0.4,0.2,0.3,1.8,8.9,0,0,0.6,581.0
2017,Tyler Ennis,Los Angeles Lakers,1524305.0,23,54,22,32,12.7,4.1,1.7,4.1,42.0,0.3,1.0,25.0,0.4,0.5,75.9,0.4,1.4,1.8,1.9,0.7,0.6,0.2,1.4,10.7,1,0,-0.4,338.0
2017,Ivica Zubac,Los Angeles Lakers,1312611.0,21,43,19,24,9.5,3.7,1.4,2.8,50.0,0.0,0.0,0.0,0.9,1.2,76.5,1.0,1.8,2.9,0.6,0.6,0.2,0.3,1.1,9.0,1,0,1.0,422.0
2017,Corey Brewer,Oklahoma City Thunder,7579366.0,32,54,21,33,12.9,3.7,1.4,3.2,45.3,0.1,0.8,18.6,0.6,0.9,66.7,0.4,1.3,1.7,0.8,0.7,0.8,0.1,1.5,8.9,0,0,-1.6,147.0
2017,Luol Deng,Los Angeles Lakers,17190000.0,33,1,0,1,13.1,2.0,1.0,2.0,50.0,0.0,0.0,0.0,0.0,0.0,0.0,0.0,0.0,0.0,1.0,1.0,1.0,0.0,0.0,5.5,0,0,-7.0,58.0
2017,Andrew Bogut,Los Angeles Lakers,1471382.0,33,24,7,17,9.0,1.5,0.7,1.0,68.0,0.0,0.0,0.0,0.1,0.1,100.0,1.1,2.2,3.3,0.6,0.8,0.2,0.5,1.7,7.7,0,0,-1.2,363.0
2017,Nigel Hayes,Toronto Raptors,55296.0,23,2,1,1,5.4,1.5,0.5,1.5,33.3,0.0,1.0,0.0,0.5,0.5,100.0,0.0,0.0,0.0,1.0,0.0,0.0,0.0,0.0,3.0,0,0,4.0,592.0
2017,Thomas Bryant,Los Angeles Lakers,815615.0,20,15,7,8,4.8,1.5,0.5,1.4,38.1,0.1,0.7,10.0,0.3,0.6,55.6,0.2,0.9,1.1,0.4,0.1,0.1,0.1,0.4,3.9,0,0,-0.6,504.0
2018,LeBron James,Los Angeles Lakers,35654150.0,34,55,28,27,35.2,27.4,10.1,19.9,51.0,2.0,5.9,33.9,5.1,7.6,66.5,1.0,7.4,8.5,8.3,3.6,1.3,0.6,1.7,52.0,32,8,2.1,3.0
2018,Kyle Kuzma,Los Angeles Lakers,1689840.0,23,70,33,37,33.1,18.7,7.1,15.5,45.6,1.8,6.0,30.3,2.7,3.6,75.2,0.9,4.6,5.5,2.5,1.9,0.6,0.4,2.4,30.0,4,0,-0.8,321.0
2018,Brandon Ingram,Los Angeles Lakers,5757120.0,21,52,25,27,33.9,18.3,7.0,14.0,49.7,0.6,1.8,33.0,3.8,5.6,67.5,0.8,4.3,5.1,3.0,2.5,0.5,0.6,2.9,29.8,2,0,-1.1,181.0
2018,JaVale McGee,Los Angeles Lakers,1512601.0,31,75,35,40,22.3,12.0,5.3,8.5,62.4,0.0,0.2,8.3,1.3,2.0,63.2,2.6,4.9,7.5,0.7,1.4,0.6,2.0,2.8,28.4,14,0,-2.1,381.0
2018,Kentavious Caldwell-Pope,Los Angeles Lakers,12000000.0,26,82,37,45,24.8,11.4,4.0,9.2,43.0,1.8,5.3,34.7,1.7,1.9,86.7,0.6,2.3,2.9,1.3,0.8,0.9,0.2,1.7,19.3,0,0,-1.9,101.0
2018,Lonzo Ball,Los Angeles Lakers,7461960.0,21,47,25,22,30.3,9.9,3.9,9.7,40.6,1.6,4.9,32.9,0.4,1.0,41.7,1.1,4.2,5.3,5.4,2.2,1.5,0.4,2.4,27.9,4,1,-0.3,155.0
2018,Reggie Bullock,Los Angeles Lakers,2500000.0,28,19,4,15,27.6,9.3,3.3,8.1,41.2,1.8,5.2,34.3,0.9,1.1,81.0,0.1,2.5,2.6,1.1,0.6,0.8,0.4,1.6,17.1,0,0,-3.1,276.0
2018,Rajon Rondo,Los Angeles Lakers,9000000.0,33,46,19,27,29.8,9.2,3.8,9.4,40.5,1.1,3.1,35.9,0.5,0.8,63.9,0.7,4.5,5.3,8.0,2.8,1.2,0.2,2.2,28.9,14,1,-5.3,132.0
2018,Ivica Zubac,Los Angeles Lakers,1544951.0,22,33,14,19,15.6,8.5,3.4,5.8,58.0,0.0,0.0,0.0,1.7,2.0,86.4,1.6,3.3,4.9,0.8,1.0,0.1,0.8,2.2,17.4,4,0,0.7,353.0
2018,Josh Hart,Los Angeles Lakers,1655160.0,24,67,31,36,25.6,7.8,2.8,6.9,40.7,1.4,4.1,33.6,0.8,1.2,68.8,0.5,3.2,3.7,1.4,0.9,1.0,0.6,2.2,18.2,4,0,0.0,327.0
2018,Lance Stephenson,Los Angeles Lakers,4449000.0,28,68,33,35,16.5,7.2,2.7,6.4,42.6,1.1,2.9,37.1,0.7,1.1,68.5,0.5,2.7,3.2,2.1,1.3,0.6,0.1,1.6,15.0,1,0,-1.6,210.0
2018,Michael Beasley,Los Angeles Lakers,3500000.0,30,26,11,15,10.7,7.0,2.9,5.9,49.0,0.1,0.7,17.6,1.1,1.5,71.8,0.5,1.8,2.3,1.0,1.0,0.3,0.4,1.6,12.3,0,0,-1.5,230.0
2018,Mike Muscala,Philadelphia 76ers,5000000.0,27,17,5,12,15.6,5.9,2.1,4.9,43.4,1.2,3.4,36.8,0.4,0.5,87.5,0.4,2.2,2.6,0.8,0.3,0.2,0.6,1.1,12.6,0,0,-1.7,198.0
2018,Moritz Wagner,Los Angeles Lakers,1762080.0,22,43,15,28,10.4,4.8,1.7,4.0,41.5,0.5,1.8,28.6,1.0,1.2,81.1,0.4,1.6,2.0,0.6,0.9,0.3,0.3,1.3,8.8,0,0,-2.3,313.0
2018,Jemerrio Jones,Los Angeles Lakers,52108.0,24,6,3,3,23.9,4.5,2.0,5.5,36.4,0.3,1.7,20.0,0.2,0.3,50.0,2.7,5.5,8.2,2.2,0.8,1.2,0.8,1.7,22.7,1,0,4.7,489.0
2018,Tyson Chandler,Phoenix Suns,1333140.0,36,48,25,23,16.4,3.1,1.1,1.8,60.9,0.0,0.0,0.0,0.9,1.4,59.4,1.8,3.8,5.6,0.6,0.7,0.4,0.5,1.9,12.6,2,0,0.6,430.0
2018,Isaac Bonga,Los Angeles Lakers,1000000.0,19,22,7,15,5.5,0.9,0.2,1.5,15.2,0.0,0.4,0.0,0.4,0.7,60.0,0.4,0.7,1.1,0.7,0.3,0.4,0.2,0.4,4.8,0,0,0.6,438.0
2019,Anthony Davis,Los Angeles Lakers,27093018.0,26,35,29,6,35.2,27.1,9.4,18.7,50.4,1.1,3.7,29.7,7.1,8.3,85.9,2.2,7.2,9.4,3.2,2.4,1.5,2.6,2.5,53.2,17,0,5.9,37.0
2019,LeBron James,Los Angeles Lakers,37436858.0,35,38,32,6,34.9,25.5,9.8,19.8,49.4,2.1,6.1,35.1,3.9,5.6,69.7,1.1,6.8,7.8,10.7,3.7,1.3,0.5,1.8,52.7,29,9,9.6,7.0
2019,Kyle Kuzma,Los Angeles Lakers,1974600.0,24,31,27,4,24.3,13.2,4.9,11.2,43.6,1.7,4.9,34.6,1.7,2.3,74.6,0.7,3.1,3.8,0.9,1.5,0.3,0.4,1.8,19.6,0,0,4.0,337.0
2019,Kentavious Caldwell-Pope,Los Angeles Lakers,8089282.0,26,40,33,7,25.3,9.3,3.3,7.2,46.3,1.4,3.3,43.1,1.3,1.6,80.6,0.6,1.5,2.1,1.8,0.9,0.8,0.2,1.8,16.6,0,0,3.5,158.0
2019,Danny Green,Los Angeles Lakers,14634146.0,32,39,32,7,25.3,8.7,3.1,7.2,43.4,1.9,5.0,38.7,0.6,0.8,71.9,0.7,2.9,3.7,1.4,0.8,1.2,0.4,2.2,19.2,0,0,6.1,89.0
2019,Avery Bradley,Los Angeles Lakers,4767000.0,29,26,20,6,23.8,8.1,3.5,7.6,45.5,0.8,2.7,30.0,0.3,0.5,75.0,0.5,1.9,2.4,1.1,1.1,0.9,0.1,2.4,14.4,0,0,4.2,223.0
2019,Dwight Howard,Los Angeles Lakers,1620564.0,34,40,33,7,19.7,7.7,3.1,4.2,74.3,0.1,0.1,60.0,1.4,2.7,50.9,2.4,4.9,7.3,0.7,1.2,0.4,1.5,3.3,21.8,4,0,3.1,388.0
2019,Rajon Rondo,Los Angeles Lakers,2564753.0,33,27,22,5,21.6,7.6,3.0,7.3,40.6,0.9,2.6,35.2,0.7,0.9,80.0,0.5,3.3,3.8,5.4,2.1,0.9,0.1,1.2,21.2,2,0,2.3,298.0
2019,JaVale McGee,Los Angeles Lakers,4000000.0,31,40,33,7,16.8,6.9,3.0,4.8,62.7,0.1,0.1,66.7,0.8,1.2,61.2,1.9,3.9,5.8,0.7,0.8,0.6,1.7,2.5,20.9,2,0,3.6,243.0
2019,Alex Caruso,Los Angeles Lakers,2750000.0,25,37,31,6,19.6,5.9,2.1,4.6,44.4,0.7,1.9,36.6,1.1,1.4,78.0,0.3,1.7,2.0,1.8,0.9,1.0,0.2,1.6,13.8,0,0,5.5,286.0
2019,Quinn Cook,Los Angeles Lakers,3000000.0,26,26,22,4,12.8,5.0,2.1,4.8,43.7,0.6,1.8,34.0,0.2,0.2,83.3,0.2,1.0,1.2,1.4,0.8,0.3,0.0,0.7,8.7,0,0,2.7,277.0
2019,Troy Daniels,Los Angeles Lakers,1620564.0,28,30,24,6,11.7,4.3,1.6,3.9,39.8,1.0,2.8,35.7,0.2,0.3,66.7,0.2,1.0,1.2,0.3,0.2,0.2,0.1,0.7,6.9,0,0,-0.1,386.0
2019,Jared Dudley,Los Angeles Lakers,1620564.0,34,27,21,6,8.5,1.6,0.6,1.4,40.5,0.4,1.0,46.2,0.1,0.1,100.0,0.1,0.9,1.0,0.6,0.1,0.3,0.1,1.1,4.8,0,0,-0.3,387.0
2019,Talen Horton-Tucker,Los Angeles Lakers,898310.0,19,2,1,1,2.7,0.0,0.0,0.5,0.0,0.0,0.5,0.0,0.0,0.0,0.0,0.0,0.0,0.0,1.0,0.0,0.5,0.0,0.0,3.0,0,0,-3.5,505.0
2015,Wesley Johnson,LA Clippers,1100602.0,28,80,51,29,20.8,6.9,2.6,6.4,40.4,1.3,3.9,33.3,0.4,0.6,65.2,0.5,2.6,3.1,0.6,0.7,1.1,0.7,2.2,16.3,0,0,1.5,346.0
2015,Paul Pierce,LA Clippers,3376000.0,38,68,44,24,18.1,6.1,2.1,5.8,36.3,1.1,3.6,31.0,0.8,1.0,81.8,0.2,2.6,2.7,1.0,0.9,0.5,0.3,1.9,12.3,0,0,0.8,199.0
2015,Pablo Prigioni,LA Clippers,947726.0,39,59,37,22,13.9,2.5,0.9,2.5,37.4,0.5,1.6,29.5,0.1,0.1,87.5,0.6,1.3,1.9,2.2,0.8,0.9,0.0,1.4,10.0,0,0,-1.1,374.0
2015,Luc Mbah a Moute,LA Clippers,947276.0,29,75,49,26,17.0,3.1,1.3,2.8,45.4,0.2,0.5,32.5,0.4,0.8,52.6,0.8,1.5,2.3,0.4,0.5,0.6,0.3,1.3,8.5,0,0,2.1,395.0
2015,Lance Stephenson,Memphis Grizzlies,9000000.0,25,43,27,16,15.8,4.7,1.9,3.9,49.4,0.4,1.1,40.4,0.5,0.7,70.0,0.4,2.1,2.5,1.4,1.1,0.6,0.1,1.8,10.6,0,0,-0.8,82.0
2015,Josh Smith,LA Clippers,947276.0,30,32,19,13,14.3,5.7,2.2,5.6,38.3,0.6,1.8,31.0,0.8,1.3,59.5,1.0,2.9,3.9,1.3,1.3,0.6,1.1,1.9,15.9,0,0,-2.9,415.0
2015,Jeff Green,Memphis Grizzlies,9650000.0,29,27,17,10,26.3,10.9,4.2,9.9,42.7,0.9,2.9,32.5,1.5,2.4,61.5,0.7,2.7,3.4,1.5,0.9,0.7,0.8,2.3,20.6,0,0,-0.3,76.0
2015,Jeff Ayres,LA Clippers,111444.0,29,17,11,6,6.3,1.8,0.7,1.4,52.2,0.0,0.1,0.0,0.4,0.4,100.0,0.2,1.1,1.3,0.3,0.4,0.0,0.2,1.1,3.9,0,0,-2.7,512.0
2015,Jamal Crawford,LA Clippers,5675000.0,36,79,51,28,26.9,14.2,4.8,11.9,40.4,1.5,4.4,34.0,3.1,3.4,90.4,0.3,1.6,1.8,2.3,1.4,0.7,0.2,1.5,20.9,0,0,2.1,128.0
2015,JJ Redick,LA Clippers,7085000.0,32,75,50,25,28.0,16.3,5.6,11.7,48.0,2.7,5.6,47.5,2.4,2.7,88.8,0.1,1.7,1.9,1.4,1.0,0.6,0.1,1.8,21.5,0,0,6.8,104.0
2015,DeAndre Jordan,LA Clippers,19689000.0,27,77,51,26,33.7,12.7,4.6,6.6,70.3,0.0,0.0,0.0,3.5,8.0,43.0,3.5,10.3,13.8,1.2,1.4,0.7,2.3,2.7,38.5,49,0,5.7,11.0
2015,Cole Aldrich,LA Clippers,1100602.0,27,60,41,19,13.3,5.5,2.2,3.8,59.6,0.0,0.0,0.0,1.0,1.4,71.4,1.4,3.4,4.8,0.8,1.1,0.8,1.1,2.3,17.2,3,0,-0.4,350.0
2015,Chris Paul,LA Clippers,21468695.0,31,74,50,24,32.7,19.5,7.0,15.1,46.2,1.6,4.4,37.1,4.0,4.4,89.6,0.5,3.7,4.2,10.0,2.6,2.1,0.2,2.5,43.6,38,0,7.5,6.0
2015,Branden Dawson,LA Clippers,525093.0,23,6,5,1,4.8,0.8,0.3,0.8,40.0,0.0,0.0,0.0,0.2,0.2,100.0,0.3,0.3,0.7,0.0,0.0,0.0,0.2,0.3,2.1,0,0,-2.5,467.0
2015,Blake Griffin,LA Clippers,18907726.0,27,35,22,13,33.4,21.4,8.6,17.2,49.9,0.2,0.5,33.3,4.0,5.5,72.7,1.5,6.9,8.4,4.9,2.4,0.8,0.5,2.7,40.3,13,0,5.1,15.0
2015,Austin Rivers,LA Clippers,3110796.0,23,67,42,25,21.8,8.9,3.4,7.7,43.8,0.9,2.8,33.5,1.2,1.7,68.1,0.3,1.6,1.9,1.5,0.9,0.7,0.1,2.0,15.0,0,0,-2.4,208.0
2016,Wesley Johnson,LA Clippers,5628000.0,29,68,40,28,11.9,2.7,1.1,2.9,36.5,0.4,1.7,24.6,0.2,0.3,64.7,0.4,2.3,2.7,0.3,0.3,0.4,0.4,1.2,8.8,0,0,-0.8,175.0
2016,Raymond Felton,LA Clippers,980431.0,33,80,50,30,21.2,6.7,2.8,6.4,43.0,0.6,1.8,31.9,0.6,0.8,78.1,0.4,2.3,2.7,2.4,1.0,0.8,0.3,1.6,15.8,0,0,-2.1,392.0
2016,Paul Pierce,LA Clippers,3527920.0,39,25,16,9,11.1,3.2,1.1,2.8,40.0,0.6,1.7,34.9,0.4,0.5,76.9,0.0,1.9,1.9,0.4,0.6,0.2,0.2,1.6,6.6,0,0,1.1,235.0
2016,Marreese Speights,LA Clippers,1403611.0,29,82,51,31,15.7,8.7,3.0,6.7,44.5,1.3,3.4,37.2,1.5,1.7,87.6,1.1,3.5,4.5,0.8,0.8,0.3,0.5,2.8,16.8,4,0,-0.4,335.0
2016,Luc Mbah a Moute,LA Clippers,2203000.0,30,80,49,31,22.3,6.1,2.4,4.7,50.5,0.5,1.4,39.1,0.7,1.1,67.8,0.6,1.6,2.1,0.5,0.6,1.0,0.4,1.5,13.1,0,0,3.3,292.0
2016,Jamal Crawford,LA Clippers,13253012.0,37,82,51,31,26.3,12.3,4.4,10.6,41.3,1.4,3.9,36.0,2.1,2.5,85.7,0.2,1.4,1.6,2.6,1.6,0.7,0.2,1.4,19.2,0,0,0.3,69.0
2016,JJ Redick,LA Clippers,7377500.0,33,78,50,28,28.2,15.0,5.1,11.4,44.5,2.6,6.0,42.9,2.3,2.6,89.1,0.1,2.1,2.2,1.4,1.3,0.7,0.2,1.6,21.1,0,0,6.1,140.0
2016,Diamond Stone,LA Clippers,543471.0,20,7,6,1,3.5,1.4,0.4,1.9,23.1,0.0,0.0,0.0,0.6,0.6,100.0,0.1,0.7,0.9,0.0,0.3,0.0,0.1,0.7,2.6,0,0,-3.9,545.0
2016,DeAndre Jordan,LA Clippers,21165675.0,28,81,51,30,31.7,12.7,5.1,7.1,71.4,0.0,0.0,0.0,2.5,5.2,48.2,3.7,10.1,13.8,1.2,1.4,0.6,1.7,2.6,36.4,41,0,5.6,23.0
2016,Chris Paul,LA Clippers,22868827.0,32,61,43,18,31.5,18.1,6.1,12.9,47.6,2.0,5.0,41.1,3.8,4.3,89.2,0.7,4.3,5.0,9.2,2.4,2.0,0.1,2.4,41.8,24,1,9.5,14.0
2016,Brice Johnson,LA Clippers,1273920.0,23,3,1,2,3.1,1.3,0.7,2.3,28.6,0.0,0.0,0.0,0.0,0.0,0.0,0.3,0.7,1.0,0.3,0.3,0.7,0.3,0.0,5.7,0,0,2.3,349.0
2016,Brandon Bass,LA Clippers,980431.0,32,52,29,23,11.1,5.6,2.1,3.6,57.5,0.0,0.1,33.3,1.5,1.7,87.5,0.8,1.7,2.5,0.4,0.6,0.3,0.2,0.9,10.1,0,0,-2.8,413.0
2016,Blake Griffin,LA Clippers,20140839.0,28,61,40,21,34.0,21.6,7.9,15.9,49.3,0.6,1.9,33.6,5.2,6.9,76.0,1.8,6.3,8.1,4.9,2.3,0.9,0.4,2.6,40.3,19,1,7.2,28.0
2016,Austin Rivers,LA Clippers,11000000.0,24,74,43,31,27.8,12.0,4.4,9.9,44.2,1.5,4.0,37.1,1.8,2.6,69.1,0.3,1.9,2.2,2.8,1.6,0.6,0.1,2.5,19.6,0,0,-0.1,97.0
2016,Alan Anderson,LA Clippers,980431.0,34,30,20,10,10.3,2.9,1.0,2.7,37.5,0.5,1.5,31.8,0.4,0.5,75.0,0.1,0.7,0.8,0.4,0.2,0.1,0.0,1.2,4.4,0,0,-2.6,415.0
2017,Austin Rivers,LA Clippers,12650000.0,25,61,30,31,33.7,15.1,5.6,13.2,42.4,2.2,5.9,37.8,1.7,2.6,64.2,0.4,1.9,2.4,4.0,1.8,1.2,0.3,2.5,26.5,0,0,-1.0,91.0
2017,Avery Bradley,LA Clippers,8808989.0,27,6,5,1,27.5,9.2,4.3,9.2,47.3,0.2,1.5,11.1,0.3,0.3,100.0,0.5,3.2,3.7,1.8,1.3,0.8,0.2,2.0,18.0,0,0,0.5,130.0
2017,Blake Griffin,LA Clippers,32088932.0,29,33,17,16,34.5,22.6,7.7,17.5,44.1,1.9,5.7,34.2,5.2,6.6,78.5,1.4,6.5,7.9,5.4,3.0,0.9,0.3,2.4,40.7,11,2,0.7,2.0
2017,Boban Marjanovic,LA Clippers,7000000.0,29,20,10,10,8.3,5.9,1.9,3.5,55.1,0.0,0.0,0.0,2.1,2.6,78.8,1.7,2.7,4.4,0.4,0.7,0.3,0.3,1.2,12.6,1,0,2.8,165.0
2017,Brice Johnson,Memphis Grizzlies,1331160.0,24,9,2,7,4.2,1.8,0.8,1.2,63.6,0.0,0.1,0.0,0.2,0.2,100.0,0.2,1.2,1.4,0.1,0.4,0.7,0.2,0.8,5.9,0,0,3.7,402.0
2017,C.J. Williams,LA Clippers,375000.0,28,38,17,21,18.6,5.5,2.3,5.2,44.2,0.6,2.1,28.2,0.3,0.4,81.3,0.3,1.2,1.5,1.1,0.5,0.8,0.3,1.7,11.9,0,0,-0.9,574.0
2017,Danilo Gallinari,LA Clippers,20559599.0,29,21,11,10,32.0,15.3,4.9,12.2,39.8,1.7,5.3,32.4,3.9,4.1,93.1,0.4,4.4,4.8,2.0,1.2,0.6,0.5,1.4,26.0,0,0,0.5,36.0
2017,DeAndre Jordan,LA Clippers,22642350.0,29,77,39,38,31.5,12.0,4.8,7.5,64.5,0.0,0.0,0.0,2.4,4.1,58.0,4.3,10.9,15.2,1.5,1.8,0.5,0.9,2.6,35.0,46,0,-1.7,30.0
2017,Jawun Evans,LA Clippers,815615.0,21,48,24,24,16.2,4.8,1.9,5.3,35.2,0.3,1.1,27.8,0.8,1.0,77.6,0.2,1.6,1.8,2.1,0.9,0.8,0.1,2.0,11.7,0,0,0.2,514.0
2017,Lou Williams,LA Clippers,7000000.0,31,79,42,37,32.8,22.6,7.4,16.9,43.5,2.4,6.6,35.9,5.5,6.2,88.0,0.5,2.0,2.5,5.3,3.0,1.1,0.2,1.3,34.5,7,0,1.5,162.0
2017,Milos Teodosic,LA Clippers,6000000.0,31,45,29,16,25.2,9.5,3.4,8.0,41.9,2.0,5.2,37.9,0.9,1.0,84.8,0.4,2.4,2.8,4.6,2.2,0.5,0.1,2.3,19.6,0,0,1.9,181.0
2017,Montrezl Harrell,LA Clippers,1471382.0,24,76,39,37,17.0,11.0,4.6,7.2,63.5,0.0,0.1,14.3,1.8,2.9,62.6,1.4,2.7,4.0,1.0,0.9,0.5,0.7,1.9,19.9,0,0,0.7,357.0
2017,Patrick Beverley,LA Clippers,5513514.0,29,11,5,6,30.3,12.2,4.4,10.8,40.3,2.2,5.5,40.0,1.3,1.5,82.4,1.5,2.6,4.1,2.9,2.3,1.7,0.5,3.1,25.7,0,0,2.3,188.0
2017,Sam Dekker,LA Clippers,1794600.0,24,73,36,37,12.1,4.2,1.8,3.5,49.4,0.1,0.8,16.7,0.5,0.8,66.1,0.6,1.8,2.4,0.5,0.5,0.3,0.1,1.0,8.7,0,0,0.8,309.0
2017,Sean Kilpatrick,Brooklyn Nets,2054856.0,28,4,1,3,9.6,4.8,1.8,4.5,38.9,0.8,1.8,42.9,0.5,0.5,100.0,0.0,0.5,0.5,0.8,0.3,0.0,0.0,0.5,6.2,0,0,0.3,297.0
2017,Sindarius Thornwell,LA Clippers,815615.0,23,73,36,37,15.8,3.9,1.4,3.2,42.9,0.3,0.8,37.7,0.8,1.2,67.0,0.5,1.5,1.9,0.9,0.7,0.7,0.3,1.7,9.8,0,0,-1.4,527.0
2017,Tobias Harris,LA Clippers,16000000.0,25,32,17,15,34.5,19.3,7.6,16.0,47.3,2.2,5.3,41.4,2.0,2.5,80.0,0.7,5.3,6.0,3.1,1.7,1.2,0.6,2.3,34.8,2,0,-2.1,65.0
2017,Wesley Johnson,LA Clippers,5882260.0,30,74,38,36,20.1,5.4,2.0,5.0,40.8,0.8,2.4,33.9,0.6,0.8,74.1,0.4,2.5,2.9,0.8,0.7,1.0,0.8,2.0,15.0,1,0,-0.8,182.0
2017,Willie Reed,LA Clippers,1471382.0,28,39,17,22,10.7,4.9,2.1,3.1,66.7,0.0,0.1,50.0,0.8,1.4,58.2,0.9,2.2,3.1,0.2,0.5,0.2,0.6,1.4,10.9,1,0,0.4,373.0
2018,Avery Bradley,Memphis Grizzlies,12000000.0,28,49,25,24,29.9,8.2,3.3,8.6,38.3,1.2,3.5,33.7,0.4,0.5,80.0,0.7,2.0,2.7,2.0,1.2,0.6,0.3,2.7,15.7,0,0,-1.3,100.0
2018,Boban Marjanovic,Philadelphia 76ers,7000000.0,30,36,17,19,10.4,6.7,2.4,3.9,60.7,0.0,0.1,0.0,2.0,2.6,75.8,1.5,2.7,4.2,0.6,1.0,0.3,0.5,1.6,14.0,4,0,-0.2,166.0
2018,Danilo Gallinari,LA Clippers,21587579.0,30,68,40,28,30.3,19.8,6.0,13.0,46.3,2.4,5.5,43.3,5.4,6.0,90.4,0.8,5.3,6.1,2.6,1.5,0.7,0.3,1.9,32.8,7,0,1.5,39.0
2018,Garrett Temple,Memphis Grizzlies,8000000.0,33,26,18,8,19.6,4.7,1.6,4.1,39.6,0.6,2.1,29.6,0.9,1.2,74.2,0.4,2.1,2.5,1.4,0.6,1.0,0.2,2.7,12.8,0,0,0.6,146.0
2018,Ivica Zubac,Los Angeles Lakers,1544951.0,22,26,18,8,20.1,9.4,3.8,7.2,53.8,0.0,0.0,0.0,1.7,2.3,73.3,2.3,5.3,7.7,1.5,1.4,0.4,0.9,2.5,23.3,4,0,0.7,353.0
2018,JaMychal Green,Memphis Grizzlies,7666667.0,29,24,18,6,19.6,8.7,3.3,6.8,48.2,1.4,3.3,41.3,0.7,0.9,81.0,1.3,5.2,6.5,0.6,1.0,0.5,0.3,2.9,18.9,1,0,-0.5,151.0
2018,Jerome Robinson,LA Clippers,3046200.0,22,33,18,15,9.7,3.4,1.3,3.3,40.0,0.5,1.7,31.6,0.2,0.3,66.7,0.1,1.2,1.2,0.6,0.4,0.3,0.1,1.4,6.6,0,0,-0.7,253.0
2018,Landry Shamet,Philadelphia 76ers,1703649.0,22,25,17,8,27.8,10.9,3.5,8.4,41.4,2.7,6.0,45.0,1.2,1.6,79.5,0.3,2.0,2.2,2.3,0.8,0.5,0.1,2.0,18.1,0,0,3.7,318.0
2018,Lou Williams,LA Clippers,8000000.0,32,75,47,28,26.6,20.0,6.5,15.2,42.5,1.4,3.9,36.1,5.7,6.5,87.6,0.5,2.4,3.0,5.4,2.4,0.8,0.1,1.1,31.9,7,1,2.6,147.0
2018,Luc Mbah a Moute,LA Clippers,4320500.0,32,4,2,2,15.3,5.0,2.0,4.5,44.4,0.5,1.5,33.3,0.5,1.3,40.0,0.5,1.3,1.8,0.5,0.5,0.3,0.3,2.0,8.9,0,0,2.8,215.0
2018,Marcin Gortat,LA Clippers,13565218.0,35,47,25,22,16.0,5.0,2.1,4.0,53.2,0.0,0.0,0.0,0.7,1.0,72.9,1.4,4.1,5.6,1.4,1.1,0.1,0.5,2.0,14.5,1,0,-2.1,83.0
2018,Mike Scott,Philadelphia 76ers,4320500.0,30,52,27,25,14.4,4.8,1.8,4.4,40.0,1.0,2.6,39.1,0.2,0.3,66.7,0.5,2.9,3.3,0.8,0.5,0.3,0.2,1.7,11.0,0,0,0.6,214.0
2018,Milos Teodosic,LA Clippers,6300000.0,32,15,8,7,10.0,3.2,1.1,2.7,42.5,0.7,1.8,37.0,0.3,0.5,57.1,0.2,0.9,1.1,2.1,1.4,0.2,0.1,1.8,7.1,0,0,1.7,173.0
2018,Montrezl Harrell,LA Clippers,6000000.0,25,82,48,34,26.3,16.6,6.7,10.8,61.5,0.0,0.2,17.6,3.2,5.0,64.3,2.2,4.3,6.5,2.0,1.6,0.9,1.3,3.1,32.4,17,0,0.7,179.0
2018,Patrick Beverley,LA Clippers,5027028.0,30,78,48,30,27.4,7.6,2.5,6.1,40.7,1.4,3.6,39.7,1.2,1.6,78.0,1.0,4.0,5.0,3.8,1.1,0.9,0.6,3.4,22.5,6,0,1.9,196.0
2018,Shai Gilgeous-Alexander,LA Clippers,3375360.0,20,82,48,34,26.5,10.8,4.2,8.7,47.6,0.6,1.7,36.7,1.9,2.4,80.0,0.7,2.1,2.8,3.3,1.7,1.2,0.5,2.1,22.6,1,0,-1.3,239.0
2018,Sindarius Thornwell,LA Clippers,1378242.0,24,64,37,27,4.9,1.0,0.3,0.8,34.7,0.0,0.2,20.0,0.4,0.5,73.5,0.1,0.6,0.7,0.3,0.3,0.2,0.1,0.6,2.9,0,0,-0.6,418.0
2018,Tobias Harris,Philadelphia 76ers,14800000.0,26,55,30,25,34.6,20.9,7.7,15.5,49.6,2.0,4.7,43.4,3.5,4.0,87.7,0.7,7.2,7.9,2.7,2.0,0.7,0.4,2.2,36.0,11,0,0.3,73.0
2018,Tyrone Wallace,LA Clippers,1349383.0,25,62,34,28,10.1,3.5,1.5,3.5,42.4,0.1,0.3,21.1,0.5,0.9,52.6,0.3,1.3,1.6,0.7,0.6,0.3,0.1,1.3,7.3,0,0,0.9,429.0
2018,Wilson Chandler,Philadelphia 76ers,12800562.0,32,15,10,5,15.0,4.3,1.5,4.4,34.8,0.9,2.7,32.5,0.3,0.5,71.4,0.3,2.9,3.1,0.7,0.5,0.2,0.2,1.9,9.8,0,0,-2.8,90.0
2019,Terance Mann,LA Clippers,1000000.0,23,24,16,8,8.5,2.2,0.9,1.8,50.0,0.1,0.4,22.2,0.3,0.4,80.0,0.1,0.9,1.0,1.2,0.5,0.3,0.1,1.1,5.8,0,0,0.6,489.0
2019,Rodney McGruder,LA Clippers,4807693.0,28,28,18,10,16.6,3.6,1.4,3.6,39.0,0.6,2.1,29.3,0.3,0.5,50.0,0.6,2.3,2.9,0.6,0.4,0.5,0.2,1.6,9.8,0,0,2.1,216.0
2019,Paul George,LA Clippers,30560700.0,29,26,19,7,30.7,23.5,7.6,17.8,42.9,3.6,9.2,39.5,4.6,5.1,90.9,0.5,5.5,6.0,3.7,3.3,1.5,0.5,2.5,38.7,2,0,4.2,19.0
2019,Patrick Patterson,LA Clippers,1620564.0,30,35,22,13,14.1,5.1,1.7,4.3,39.3,1.2,3.3,37.4,0.5,0.7,70.8,0.7,2.1,2.8,0.7,0.3,0.2,0.1,0.8,10.1,0,0,1.7,389.0
2019,Patrick Beverley,LA Clippers,12345680.0,31,32,23,9,29.1,8.1,3.0,7.4,41.1,1.5,4.4,33.6,0.6,1.0,61.3,1.3,4.9,6.2,3.7,1.3,1.3,0.7,3.3,25.7,4,0,4.2,113.0
2019,Montrezl Harrell,LA Clippers,6000000.0,25,39,27,12,29.2,19.3,7.8,13.6,57.5,0.0,0.4,0.0,3.6,5.6,65.4,2.8,4.6,7.4,1.8,2.0,0.7,1.1,2.3,34.4,7,0,4.9,194.0
2019,Mfiondu Kabengele,LA Clippers,1977000.0,22,10,8,2,4.4,2.9,1.0,2.2,45.5,0.6,1.2,50.0,0.3,0.3,100.0,0.1,0.7,0.8,0.1,0.1,0.1,0.1,0.6,4.5,0,0,-0.1,336.0
2019,Maurice Harkless,LA Clippers,11011234.0,26,40,27,13,22.9,5.7,2.3,4.4,52.0,0.5,1.5,33.9,0.6,1.0,55.0,1.0,2.8,3.8,1.0,0.9,1.1,0.7,2.5,16.1,0,0,0.2,124.0
2019,Lou Williams,LA Clippers,8000000.0,33,37,25,12,30.4,19.8,6.5,15.2,42.6,1.9,5.1,37.8,4.9,5.7,85.8,0.5,2.5,3.0,6.3,3.1,0.6,0.2,1.5,32.2,2,0,3.1,162.0
2019,Landry Shamet,LA Clippers,1995120.0,22,23,14,9,26.4,8.3,2.7,6.7,40.3,1.9,5.0,37.1,1.0,1.1,96.0,0.1,1.7,1.9,1.6,0.8,0.4,0.2,3.2,14.0,0,0,-0.3,335.0
2019,Kawhi Leonard,LA Clippers,32742000.0,28,30,22,8,32.2,25.8,9.1,20.0,45.4,1.8,5.1,34.6,5.8,6.5,88.8,1.1,6.4,7.5,5.1,3.4,1.9,0.5,2.0,46.3,8,0,7.7,12.0
2019,Jerome Robinson,LA Clippers,3567720.0,22,32,21,11,11.3,3.2,1.2,3.4,34.5,0.5,1.7,27.8,0.3,0.5,58.8,0.1,1.3,1.5,0.9,0.7,0.3,0.2,1.4,7.0,0,0,2.1,255.0
2019,JaMychal Green,LA Clippers,4767000.0,29,31,21,10,21.2,6.9,2.4,5.9,40.7,1.4,4.0,35.5,0.7,0.8,84.0,1.5,4.8,6.3,0.7,0.9,0.5,0.4,2.6,17.2,4,0,3.5,224.0
2019,Ivica Zubac,LA Clippers,6481482.0,22,40,27,13,17.3,8.2,3.3,5.4,59.9,0.0,0.1,0.0,1.7,2.3,73.9,2.5,4.4,6.8,0.9,0.9,0.2,0.9,2.4,20.1,5,0,1.5,187.0
2019,Derrick Walton Jr.,LA Clippers,1445697.0,24,20,12,8,10.3,2.5,0.9,1.7,50.0,0.5,1.0,45.0,0.3,0.4,85.7,0.1,0.6,0.7,1.0,0.2,0.2,0.0,0.9,5.2,0,0,0.2,437.0
2015,Willie Cauley-Stein,Sacramento Kings,3398280.0,22,66,26,40,21.4,7.0,2.9,5.1,56.3,0.0,0.0,0.0,1.2,1.9,64.8,2.0,3.3,5.3,0.6,0.7,0.7,1.0,2.2,18.7,3,0,-1.2,197.0
2015,Seth Curry,Sacramento Kings,947276.0,25,44,17,27,15.7,6.8,2.3,5.1,45.5,1.1,2.5,45.0,1.0,1.2,83.3,0.2,1.2,1.4,1.5,0.8,0.5,0.1,0.9,11.6,1,0,-0.8,406.0
2015,Rudy Gay,Sacramento Kings,12403101.0,29,70,29,41,34.0,17.2,6.7,14.4,46.3,1.1,3.1,34.4,2.8,3.6,78.0,1.5,5.0,6.5,1.7,2.0,1.4,0.7,2.6,32.1,7,0,-1.2,52.0
2015,Rajon Rondo,Sacramento Kings,9500000.0,30,72,29,43,35.2,11.9,4.9,10.9,45.4,0.9,2.4,36.5,1.2,2.1,58.0,1.1,5.0,6.0,11.7,3.9,2.0,0.1,2.4,39.1,37,6,-2.1,79.0
2015,Quincy Acy,Sacramento Kings,981348.0,25,59,21,38,14.8,5.2,2.0,3.6,55.6,0.3,0.8,38.8,0.8,1.2,73.5,1.1,2.1,3.2,0.5,0.5,0.5,0.4,1.7,12.0,0,0,-2.1,367.0
2015,Omri Casspi,Sacramento Kings,2836186.0,28,69,27,42,27.3,11.8,4.3,9.0,48.1,1.6,4.0,40.9,1.5,2.3,64.8,0.8,5.1,5.9,1.4,1.4,0.8,0.2,2.2,22.8,6,0,0.1,229.0
2015,Marco Belinelli,Sacramento Kings,6060606.0,30,68,27,41,24.6,10.2,3.6,9.3,38.6,1.3,4.4,30.6,1.7,2.0,83.3,0.1,1.6,1.7,1.9,1.2,0.5,0.0,1.3,15.6,0,0,-2.7,122.0
2015,Kosta Koufos,Sacramento Kings,7700000.0,27,78,32,46,19.0,6.8,3.0,5.7,53.2,0.0,0.0,0.0,0.7,1.3,54.8,2.2,3.3,5.4,0.4,0.6,0.5,0.9,2.4,17.5,5,0,-2.9,100.0
2015,James Anderson,Sacramento Kings,1015421.0,27,51,19,32,14.1,3.5,1.3,3.5,37.6,0.5,1.7,26.7,0.4,0.6,75.9,0.3,1.4,1.7,0.8,0.8,0.4,0.3,1.1,8.0,0,0,-1.6,355.0
2015,Eric Moreland,Sacramento Kings,845059.0,24,8,1,7,5.9,1.0,0.4,0.8,50.0,0.0,0.0,0.0,0.3,0.5,50.0,0.4,1.0,1.4,0.1,0.4,0.0,0.5,0.5,4.0,0,0,0.9,425.0
2015,Duje Dukan,Sacramento Kings,525093.0,24,1,0,1,24.2,6.0,2.0,10.0,20.0,2.0,5.0,40.0,0.0,0.0,0.0,2.0,2.0,4.0,1.0,0.0,1.0,0.0,2.0,15.3,0,0,-8.0,462.0
2015,DeMarcus Cousins,Sacramento Kings,15851950.0,25,65,29,36,34.6,26.9,9.2,20.5,45.1,1.1,3.2,33.3,7.3,10.2,71.8,2.4,9.1,11.5,3.3,3.8,1.6,1.4,3.6,50.7,47,1,0.6,27.0
2015,Darren Collison,Sacramento Kings,5013559.0,28,74,29,45,30.0,14.0,5.1,10.5,48.6,1.2,2.9,40.1,2.6,3.1,85.8,0.4,1.9,2.3,4.3,1.8,1.0,0.1,1.9,24.7,4,0,-0.9,147.0
2015,Caron Butler,Sacramento Kings,1449187.0,36,17,2,15,10.3,3.7,1.5,3.5,42.4,0.2,1.1,16.7,0.6,0.7,83.3,0.3,1.0,1.3,0.6,0.2,0.5,0.1,1.1,7.7,0,0,-2.4,306.0
2015,Ben McLemore,Sacramento Kings,3156600.0,23,68,28,40,21.2,7.8,2.9,6.7,42.9,1.0,2.7,36.2,1.1,1.5,71.8,0.5,1.7,2.2,1.2,1.5,0.8,0.1,2.1,13.4,0,0,0.3,205.0
2016,Anthony Tolliver,Sacramento Kings,8000000.0,32,65,26,39,22.7,7.1,2.4,5.4,44.2,1.4,3.5,39.1,0.9,1.3,74.4,0.8,2.9,3.6,1.2,0.9,0.5,0.3,1.7,14.9,1,0,-1.5,126.0
2016,Arron Afflalo,Sacramento Kings,12500000.0,31,61,23,38,25.9,8.4,3.0,6.9,44.0,1.0,2.5,41.1,1.4,1.5,89.2,0.1,1.9,2.0,1.3,0.7,0.3,0.1,1.7,13.5,0,0,-4.0,77.0
2016,Ben McLemore,Sacramento Kings,4008882.0,24,61,27,34,19.3,8.1,3.0,6.9,43.0,1.1,2.8,38.2,1.1,1.5,75.3,0.3,1.8,2.1,0.8,1.0,0.5,0.1,1.8,12.6,1,0,-2.2,212.0
2016,Buddy Hield,Sacramento Kings,3517200.0,24,25,8,17,29.1,15.1,5.7,11.8,48.0,2.4,5.5,42.8,1.4,1.7,81.4,0.6,3.5,4.1,1.8,2.1,0.8,0.1,1.4,23.2,0,0,-2.5,236.0
2016,Darren Collison,Sacramento Kings,5229454.0,29,68,26,42,30.3,13.2,5.0,10.5,47.6,1.1,2.6,41.7,2.2,2.5,86.0,0.3,1.9,2.2,4.6,1.7,1.0,0.1,1.8,24.5,4,0,-1.9,187.0
2016,DeMarcus Cousins,Sacramento Kings,16957900.0,26,55,23,32,34.4,27.8,9.2,20.3,45.2,1.7,4.9,35.6,7.7,10.0,77.0,2.1,8.5,10.6,4.8,3.8,1.4,1.3,3.7,52.1,34,2,-0.5,45.0
2016,Garrett Temple,Sacramento Kings,8000000.0,31,65,25,40,26.6,7.8,2.8,6.6,42.4,1.3,3.4,37.3,0.9,1.1,78.4,0.5,2.3,2.8,2.6,1.2,1.3,0.4,2.2,19.0,0,0,-2.7,128.0
2016,Georgios Papagiannis,Sacramento Kings,2202240.0,19,22,7,15,16.1,5.6,2.5,4.6,54.9,0.0,0.1,0.0,0.5,0.6,85.7,1.1,2.8,3.9,0.9,1.1,0.1,0.8,2.0,13.3,2,0,-1.4,293.0
2016,Jordan Farmar,Sacramento Kings,980431.0,30,2,1,1,17.7,6.0,2.0,6.0,33.3,2.0,4.5,44.4,0.0,0.0,0.0,0.5,1.0,1.5,4.5,1.5,1.0,0.0,0.5,16.1,0,0,-0.5,394.0
2016,Kosta Koufos,Sacramento Kings,8046500.0,28,71,27,44,20.0,6.6,3.0,5.5,55.1,0.0,0.0,0.0,0.5,0.9,61.3,1.7,4.0,5.7,0.7,0.9,0.5,0.7,2.4,17.1,4,0,-2.2,125.0
2016,Langston Galloway,Sacramento Kings,5200000.0,25,19,7,12,19.7,6.0,2.2,5.5,40.4,1.0,2.1,47.5,0.6,0.6,91.7,0.4,1.5,1.8,1.5,0.9,0.3,0.1,1.1,10.6,0,0,0.7,188.0
2016,Malachi Richardson,Sacramento Kings,1439800.0,21,22,9,13,9.0,3.6,1.3,3.1,41.2,0.4,1.3,28.6,0.7,0.9,78.9,0.1,0.9,1.0,0.5,0.4,0.2,0.0,1.0,6.1,0,0,-0.8,333.0
2016,Matt Barnes,Sacramento Kings,242224.0,37,54,22,32,25.3,7.6,2.7,7.1,38.4,1.3,3.9,32.7,0.9,1.2,75.8,1.0,4.4,5.4,2.8,1.5,0.7,0.3,2.6,19.7,4,0,-1.8,560.0
2016,Omri Casspi,Sacramento Kings,138414.0,29,22,9,13,18.0,5.9,2.4,5.3,45.3,0.5,1.3,37.9,0.5,1.0,57.1,0.9,3.2,4.1,1.2,0.8,0.5,0.0,1.0,13.3,0,0,-0.3,568.0
2016,Rudy Gay,Sacramento Kings,13333333.0,30,30,11,19,33.8,18.7,6.7,14.7,45.5,1.4,3.8,37.2,3.9,4.6,85.5,1.2,5.2,6.3,2.8,2.5,1.5,0.9,2.6,35.0,4,0,2.2,68.0
2016,Skal Labissiere,Sacramento Kings,1188840.0,21,33,9,24,18.5,8.8,3.5,6.6,53.7,0.1,0.2,37.5,1.6,2.2,70.3,1.5,3.4,4.9,0.8,1.1,0.5,0.4,1.9,17.4,2,0,-1.2,360.0
2016,Ty Lawson,Sacramento Kings,980431.0,29,69,25,44,25.1,9.9,3.4,7.6,45.4,0.5,1.7,28.8,2.5,3.1,79.7,0.6,2.0,2.6,4.8,1.9,1.1,0.1,1.7,21.9,3,1,-2.3,387.0
2016,Tyreke Evans,Sacramento Kings,10203755.0,27,14,4,10,22.5,11.6,4.2,10.2,41.3,1.5,3.4,43.8,1.7,2.4,70.6,0.5,3.1,3.6,2.4,1.6,0.9,0.4,1.4,21.6,0,0,-5.4,105.0
2016,Willie Cauley-Stein,Sacramento Kings,3551160.0,23,75,29,46,18.9,8.1,3.4,6.4,53.0,0.0,0.0,0.0,1.3,2.0,66.9,1.1,3.4,4.5,1.1,0.9,0.7,0.6,2.0,18.1,8,0,-2.7,232.0
2017,Zach Randolph,Sacramento Kings,12307692.0,36,59,18,41,25.6,14.5,6.1,12.9,47.3,0.9,2.5,34.7,1.4,1.8,78.5,1.6,5.1,6.7,2.2,2.0,0.7,0.2,2.0,26.5,8,0,-6.0,97.0
2017,Willie Cauley-Stein,Sacramento Kings,3704160.0,24,73,23,50,28.0,12.8,5.3,10.6,50.2,0.0,0.2,25.0,2.1,3.4,61.9,1.8,5.2,7.0,2.4,1.5,1.1,0.9,2.5,29.1,12,0,-4.4,227.0
2017,Vince Carter,Sacramento Kings,8000000.0,41,58,20,38,17.7,5.4,2.0,4.9,40.3,1.0,2.8,34.5,0.5,0.6,75.7,0.3,2.2,2.6,1.2,0.6,0.7,0.4,1.7,13.1,0,0,-1.2,142.0
2017,Skal Labissiere,Sacramento Kings,1312611.0,22,60,19,41,20.7,8.7,3.4,7.6,44.8,0.3,0.9,35.3,1.6,2.0,80.5,1.6,3.2,4.8,1.2,1.2,0.4,0.8,2.2,18.7,3,0,-2.0,416.0
2017,Nigel Hayes,Toronto Raptors,55296.0,23,5,3,2,21.1,3.6,1.6,5.6,28.6,0.4,2.4,16.7,0.0,0.4,0.0,0.8,3.6,4.4,0.8,0.2,0.4,0.6,1.6,12.9,0,0,-0.6,592.0
2017,Malachi Richardson,Toronto Raptors,1569360.0,22,25,7,18,12.7,3.5,1.2,3.5,33.0,0.5,1.6,30.8,0.7,0.9,77.3,0.2,1.1,1.3,0.5,0.4,0.4,0.0,1.1,6.8,0,0,-1.8,324.0
2017,Kosta Koufos,Sacramento Kings,8393000.0,29,71,22,49,19.6,6.7,3.1,5.5,57.1,0.0,0.0,0.0,0.5,1.0,44.6,2.1,4.5,6.6,1.2,0.7,0.7,0.5,2.1,19.2,6,0,-3.1,137.0
2017,Justin Jackson,Sacramento Kings,2365560.0,23,68,21,47,22.2,6.7,2.7,6.2,44.2,0.8,2.7,30.8,0.4,0.5,72.2,0.4,2.4,2.8,1.1,0.6,0.4,0.2,1.2,12.8,0,0,-3.5,283.0
2017,Georgios Papagiannis,Sacramento Kings,185397.0,20,16,3,13,7.4,2.1,1.1,2.6,41.5,0.0,0.0,0.0,0.0,0.0,0.0,0.8,1.5,2.3,0.6,0.5,0.1,0.4,0.8,6.7,0,0,-1.3,579.0
2017,George Hill,Sacramento Kings,19000000.0,32,43,13,30,26.6,10.3,3.6,7.6,46.9,1.3,3.0,45.3,1.8,2.3,77.8,0.5,2.2,2.7,2.8,1.4,0.9,0.3,1.7,19.8,0,0,-5.7,43.0
2017,Garrett Temple,Sacramento Kings,8000000.0,32,65,23,42,24.8,8.4,3.1,7.3,41.8,1.4,3.5,39.2,0.9,1.2,76.9,0.3,2.0,2.3,1.9,1.2,0.9,0.4,2.1,16.7,0,0,-4.0,139.0
2017,De'Aaron Fox,Sacramento Kings,4609200.0,20,73,24,49,27.7,11.6,4.5,10.9,41.2,0.6,2.1,30.7,1.9,2.7,72.3,0.5,2.3,2.8,4.4,2.4,1.0,0.3,2.2,22.8,3,0,-5.7,206.0
2017,Buddy Hield,Sacramento Kings,3675480.0,25,80,27,53,25.3,13.5,5.2,11.7,44.6,2.2,5.1,43.1,0.9,1.0,87.7,0.7,3.2,3.8,1.9,1.6,1.1,0.3,1.9,23.5,0,0,-1.9,228.0
2017,Bruno Caboclo,Toronto Raptors,2451225.0,22,10,2,8,10.0,2.6,0.9,2.9,31.0,0.3,1.5,20.0,0.5,0.6,83.3,0.7,1.4,2.1,0.3,0.4,0.2,0.4,0.7,7.0,0,0,0.1,279.0
2017,Bogdan Bogdanovic,Sacramento Kings,9412280.0,25,78,26,52,27.9,11.8,4.4,9.9,44.6,1.7,4.2,39.2,1.3,1.5,84.0,0.4,2.5,2.9,3.3,1.6,0.9,0.2,2.2,21.9,0,0,-4.6,124.0
2018,Alec Burks,Utah Jazz,11536515.0,27,13,4,9,9.7,1.7,0.7,1.5,45.0,0.0,0.5,0.0,0.3,0.4,80.0,0.2,1.5,1.7,0.8,0.3,0.6,0.1,0.5,6.6,0,0,-1.0,109.0
2018,BJ Johnson,Sacramento Kings,42634.0,23,1,0,1,6.1,2.0,1.0,2.0,50.0,0.0,1.0,0.0,0.0,0.0,0.0,0.0,0.0,0.0,0.0,0.0,0.0,0.0,1.0,2.0,0,0,-2.0,493.0
2018,Ben McLemore,Sacramento Kings,5460000.0,26,19,7,12,8.3,3.9,1.3,3.4,39.1,0.9,2.2,41.5,0.4,0.6,66.7,0.2,0.7,0.9,0.2,0.3,0.3,0.2,1.2,6.5,0,0,-0.9,184.0
2018,Bogdan Bogdanovic,Sacramento Kings,9000000.0,26,70,32,38,27.8,14.1,5.2,12.3,41.8,1.9,5.3,36.0,1.9,2.3,82.7,0.6,2.9,3.5,3.8,1.7,1.0,0.2,2.0,26.1,1,0,-0.6,131.0
2018,Buddy Hield,Sacramento Kings,3844760.0,26,82,39,43,31.9,20.7,7.6,16.6,45.8,3.4,7.9,42.7,2.1,2.4,88.6,1.3,3.7,5.0,2.5,1.8,0.7,0.4,2.5,32.0,3,0,0.0,222.0
2018,Caleb Swanigan,Sacramento Kings,1740000.0,22,3,0,3,11.0,2.7,1.3,3.0,44.4,0.0,0.7,0.0,0.0,0.7,0.0,1.3,2.7,4.0,1.3,0.7,0.7,0.3,2.0,11.8,0,0,-0.3,316.0
2018,Corey Brewer,Sacramento Kings,2000000.0,33,24,8,16,14.7,4.1,1.4,3.1,44.6,0.4,1.3,33.3,0.9,1.3,73.3,0.9,1.5,2.5,1.2,0.5,0.8,0.2,2.0,11.5,0,0,0.2,303.0
2018,De'Aaron Fox,Sacramento Kings,5470920.0,21,81,39,42,31.4,17.3,6.2,13.6,45.8,1.1,2.9,37.1,3.7,5.1,72.7,0.5,3.2,3.8,7.3,2.8,1.6,0.6,2.5,36.5,16,1,0.8,183.0
2018,Harrison Barnes,Sacramento Kings,24107258.0,27,28,11,17,33.9,14.3,5.0,11.1,45.5,1.9,4.6,40.8,2.3,2.9,80.0,0.8,4.8,5.5,1.9,1.1,0.6,0.1,1.5,24.7,3,0,0.9,30.0
2018,Harry Giles III,Sacramento Kings,2207040.0,21,58,26,32,14.1,7.0,3.0,6.0,50.3,0.0,0.1,0.0,1.0,1.6,63.7,1.1,2.7,3.8,1.5,1.3,0.5,0.4,2.6,15.3,0,0,-1.8,293.0
2018,Iman Shumpert,Sacramento Kings,11011234.0,29,42,24,18,26.2,8.9,3.2,8.3,38.2,1.8,4.8,36.6,0.8,1.0,82.9,0.5,2.6,3.1,2.2,0.9,1.1,0.5,2.2,19.7,0,0,-1.0,113.0
2018,Justin Jackson,Sacramento Kings,2807880.0,24,52,28,24,20.8,6.7,2.4,5.7,42.4,1.1,3.1,34.6,0.8,1.0,82.0,0.5,2.3,2.8,1.3,0.4,0.4,0.3,1.3,13.6,0,0,-1.2,259.0
2018,Kosta Koufos,Sacramento Kings,8739500.0,30,42,21,21,11.9,3.7,1.7,3.6,47.7,0.0,0.0,0.0,0.2,0.6,41.7,1.2,3.0,4.2,0.9,0.6,0.4,0.4,1.6,11.8,0,0,-0.8,135.0
2018,Marvin Bagley III,Sacramento Kings,7305600.0,20,62,30,32,25.3,14.9,5.7,11.4,50.4,0.5,1.5,31.3,2.9,4.2,69.1,2.6,5.0,7.6,1.0,1.6,0.5,1.0,1.9,28.4,19,0,-1.7,158.0
2018,Nemanja Bjelica,Sacramento Kings,6500000.0,31,77,38,39,23.2,9.6,3.7,7.7,47.9,1.3,3.3,40.1,0.9,1.2,76.1,1.6,4.1,5.8,1.9,1.1,0.7,0.7,2.6,22.6,9,0,1.1,170.0
2018,Skal Labissiere,Sacramento Kings,1544951.0,23,13,4,9,8.7,2.8,1.0,2.3,43.3,0.3,0.8,36.4,0.5,0.8,54.5,0.3,1.5,1.8,0.5,0.5,0.2,0.2,1.6,6.3,0,0,-0.5,345.0
2018,Troy Williams,Sacramento Kings,1512601.0,24,21,7,14,14.9,5.3,2.1,4.7,44.9,0.7,2.1,31.8,0.4,0.7,60.0,0.6,2.2,2.8,0.5,0.4,0.5,0.4,1.8,11.6,0,0,-3.2,369.0
2018,Willie Cauley-Stein,Sacramento Kings,4696875.0,25,81,39,42,27.3,11.9,5.1,9.1,55.6,0.0,0.0,50.0,1.7,3.1,55.1,2.2,6.1,8.4,2.4,1.0,1.2,0.6,2.8,30.0,22,0,0.7,205.0
2018,Yogi Ferrell,Sacramento Kings,3000000.0,26,71,33,38,15.0,5.9,2.2,5.0,43.5,0.8,2.1,36.2,0.8,0.9,89.6,0.2,1.4,1.5,1.9,0.6,0.5,0.1,0.9,11.8,0,0,-0.8,254.0
2019,Bogdan Bogdanovic,Sacramento Kings,8529386.0,27,30,13,17,28.1,14.5,5.3,12.4,42.6,2.6,6.9,38.3,1.3,2.0,66.1,0.3,2.6,3.0,3.6,2.0,1.1,0.3,2.0,25.4,2,0,-1.4,153.0
2019,Buddy Hield,Sacramento Kings,4861208.0,27,40,15,25,34.2,20.2,7.4,17.7,41.6,3.6,9.7,37.0,1.9,2.3,82.4,1.0,4.2,5.1,3.2,2.7,0.9,0.3,2.6,31.9,2,0,-1.5,214.0
2019,Caleb Swanigan,Sacramento Kings,2033160.0,22,7,3,4,3.3,0.7,0.3,0.6,50.0,0.0,0.0,0.0,0.1,0.3,50.0,0.3,0.7,1.0,0.3,0.9,0.1,0.3,1.1,2.8,0,0,-1.9,330.0
2019,Cory Joseph,Sacramento Kings,12000000.0,28,40,15,25,25.7,6.4,2.5,6.3,38.7,0.7,2.1,31.7,0.8,0.9,91.4,0.5,2.2,2.7,3.6,1.2,0.8,0.4,2.1,17.2,0,0,-1.9,117.0
2019,De'Aaron Fox,Sacramento Kings,6392760.0,22,22,6,16,30.9,18.9,6.7,14.2,47.0,1.0,3.2,32.4,4.5,6.1,73.1,0.9,3.4,4.3,7.0,3.5,1.4,0.5,2.9,36.9,5,0,-2.0,189.0
2019,Dewayne Dedmon,Sacramento Kings,13333333.0,30,26,9,17,13.8,4.9,1.9,4.6,40.8,0.5,2.2,21.4,0.7,0.8,85.7,1.1,2.9,4.0,0.3,1.4,0.3,0.5,2.5,11.3,1,0,-1.0,97.0
2019,Harrison Barnes,Sacramento Kings,24147727.0,27,40,15,25,35.1,15.2,5.2,11.5,44.8,1.4,3.9,35.1,3.5,4.4,79.5,0.9,3.9,4.8,2.2,1.3,0.7,0.2,1.2,25.3,3,0,-0.7,46.0
2019,Harry Giles III,Sacramento Kings,2578800.0,21,15,6,9,11.4,5.1,2.2,4.9,44.6,0.0,0.0,0.0,0.7,0.8,91.7,0.7,2.1,2.9,1.2,1.1,0.6,0.3,2.5,11.8,0,0,-1.9,296.0
2019,Justin James,Sacramento Kings,898310.0,22,22,8,14,8.7,2.9,1.2,3.0,40.3,0.3,1.0,30.4,0.1,0.5,27.3,0.2,1.0,1.2,0.6,0.3,0.2,0.4,0.6,6.9,0,0,-1.4,499.0
2019,Marvin Bagley III,Sacramento Kings,8556120.0,20,10,2,8,23.5,14.1,5.8,12.6,46.0,0.3,1.6,18.8,2.2,2.8,78.6,2.0,4.8,6.8,0.6,1.4,0.4,1.0,3.0,26.0,2,0,-6.0,152.0
2019,Nemanja Bjelica,Sacramento Kings,6825000.0,31,40,15,25,27.3,12.2,4.7,9.7,48.2,2.0,4.6,43.8,0.9,1.1,83.7,1.5,5.0,6.4,2.5,1.6,0.9,0.6,3.0,26.5,5,0,-1.3,184.0
2019,Richaun Holmes,Sacramento Kings,4767000.0,26,37,14,23,29.4,13.1,5.5,8.4,66.0,0.0,0.0,0.0,2.1,2.5,81.7,3.1,5.4,8.5,1.0,1.2,1.1,1.4,3.9,30.9,13,0,0.2,218.0
2019,Trevor Ariza,Sacramento Kings,12195122.0,34,31,12,19,24.9,6.1,2.0,5.2,38.9,1.4,3.8,35.3,0.7,0.9,77.8,0.7,4.0,4.7,1.5,0.9,1.1,0.2,2.0,17.1,0,0,-1.5,114.0
2019,Wenyen Gabriel,Sacramento Kings,1445697.0,22,11,2,9,5.6,1.7,0.5,1.5,35.3,0.1,0.7,12.5,0.5,0.9,60.0,0.4,0.5,0.9,0.3,0.5,0.3,0.2,0.6,4.1,0,0,-2.5,434.0
2019,Yogi Ferrell,Sacramento Kings,3150000.0,26,29,11,18,12.8,4.8,1.7,4.2,41.3,0.4,1.5,27.3,1.0,1.1,87.5,0.1,1.1,1.2,1.6,0.7,0.3,0.1,0.8,9.4,0,0,-1.3,274.0
